type,name,uri,date
website, year-of-code, https://yoshuawuyts.github.io/year-of-code, 2015-06-01
module, from2-string, https://github.com/yoshuawuyts/from2-string, 2015-04-29
post, Party tricks with ES6 symbols, https://medium.com/code-ops/party-tricks-with-es6-symbols-ee328fdb6c4b, 2015-04-30
module, brick-server, http://github.com/yoshuawuyts/brick-server, 2015-05-09
module, fsm-event, http://github.com/yoshuawuyts/fsm-event, 2015-05-14
module, assert-npm-version, http://github.com/yoshuawuyts/assert-npm-version, 2015-06-09
module, wayfarer@4.0.0, http://github.com/yoshuawuyts/wayfarer, 2015-06-15
post, compact comments, https://github.com/yoshuawuyts/blog/blob/master/2015-06-17-compact-comments.md, 2015-06-17
module, ergonomic-viewport, https://github.com/yoshuawuyts/ergonomic-viewport, 2015-06-22
module, ergonomic-breakpoint, https://github.com/yoshuawuyts/ergonomic-breakpoint, 2015-06-23
module, pushup-sequence, https://github.com/yoshuawuyts/pushup-sequence, 2015-06-27
module, get-anchor, https://github.com/yoshuawuyts/get-anchor, 2015-06-30
module, barracks@5.0.0, https://github.com/yoshuawuyts/barracks, 2015-07-14
module, methodist, https://github.com/yoshuawuyts/methodist, 2015-07-27
module, create-fsa, https://github.com/yoshuawuyts/create-fsa, 2015-07-29
post, streams, https://github.com/yoshuawuyts/knowledge/blob/master/streams.md, 2015-08-04
post, browserify, https://github.com/yoshuawuyts/knowledge/blob/master/browserify.md, 2015-08-06
module, is-incoming-message, https://github.com/yoshuawuyts/is-incoming-message, 2015-08-09
module, is-server-response, https://github.com/yoshuawuyts/is-server-response, 2015-08-09
website, yoshuawuyts.com, http://yoshuawuyts.com/, 2015-08-21
module, vel, https://github.com/yoshuawuyts/vel, 2015-08-11
module, wayfarer-to-server, https://github.com/yoshuawuyts/wayfarer-to-server, 2015-08-13
module, git-init, https://github.com/yoshuawuyts/git-init, 2015-08-15
module, dates-of-today, https://github.com/yoshuawuyts/dates-of-today, 2015-08-14
module, get-server-port, https://github.com/yoshuawuyts/get-server-port, 2015-08-14
module, material-design-lite-bundled, https://github.com/yoshuawuyts/material-design-lite-bundled, 2015-08-19
module, initialize-engine, https://github.com/yoshuawuyts/initialize-engine, 2015-08-19
module, mux-arguments, https://github.com/yoshuawuyts/mux-arguments, 2015-08-19
